,Date,Hold,Nohold,Cash
0,2015-01-02,0.0,102.68,100.0
1,2015-01-05,0.0,99.79,100.0
2,2015-01-06,0.0,99.79,100.0
3,2015-01-07,0.0,101.19,100.0
4,2015-01-08,0.0,105.08,100.0
5,2015-01-09,0.0,105.19,100.0
6,2015-01-12,0.0,102.6,100.0
7,2015-01-13,0.0,103.51,100.0
8,2015-01-14,0.0,103.12,100.0
9,2015-01-15,0.0,100.32,100.0
10,2015-01-16,0.0,99.54,100.0
11,2015-01-20,0.0,102.11,100.0
12,2015-01-21,0.0,102.88,100.0
13,2015-01-22,0.0,105.56,100.0
14,2015-01-23,0.0,106.11,100.0
15,2015-01-26,0.0,106.22,100.0
16,2015-01-27,0.0,102.5,100.0
17,2015-01-28,0.0,108.29,100.0
18,2015-01-29,0.0,111.67,100.0
19,2015-01-30,0.0,110.03,100.0
20,2015-02-02,0.0,111.41,100.0
21,2015-02-03,111.43,0.0,100.02
22,2015-02-04,112.29,0.0,100.79
23,2015-02-05,113.09,0.0,101.51
24,2015-02-06,112.13,0.0,100.65
25,2015-02-09,112.88,0.0,101.32
26,2015-02-10,115.05,0.0,103.27
27,2015-02-11,117.74,0.0,105.68
28,2015-02-12,119.23,0.0,107.02
29,2015-02-13,119.82,0.0,107.55
30,2015-02-17,120.53,0.0,108.19
31,2015-02-18,121.36,0.0,108.94
32,2015-02-19,121.11,0.0,108.72
33,2015-02-20,122.1,0.0,109.61
34,2015-02-23,125.4,0.0,112.57
35,2015-02-24,124.62,0.0,111.87
36,2015-02-25,121.43,0.0,109.01
37,2015-02-26,122.96,0.0,110.38
38,2015-02-27,121.12,0.0,108.73
39,2015-03-02,121.71,0.0,109.26
40,2015-03-03,121.97,0.0,109.49
41,2015-03-04,121.2,0.0,108.8
42,2015-03-05,119.19,0.0,107.0
43,2015-03-06,0.0,119.37,107.0
44,2015-03-09,119.88,0.0,107.46
45,2015-03-10,117.4,0.0,105.24
46,2015-03-11,115.26,0.0,103.32
47,2015-03-12,117.34,0.0,105.18
48,2015-03-13,116.53,0.0,104.45
49,2015-03-16,117.81,0.0,105.6
50,2015-03-17,119.78,0.0,107.37
51,2015-03-18,0.0,121.13,107.37
52,2015-03-19,120.21,0.0,106.55
53,2015-03-20,118.71,0.0,105.22
54,2015-03-23,0.0,119.94,105.22
55,2015-03-24,0.0,119.45,105.22
56,2015-03-25,116.33,0.0,102.47
57,2015-03-26,0.0,117.14,102.47
58,2015-03-27,116.21,0.0,101.66
59,2015-03-30,119.15,0.0,104.23
60,2015-03-31,0.0,117.32,104.23
61,2015-04-01,0.0,117.15,104.23
62,2015-04-02,118.16,0.0,105.13
63,2015-04-06,120.07,0.0,106.83
64,2015-04-07,0.0,118.81,106.83
65,2015-04-08,0.0,118.42,106.83
66,2015-04-09,119.33,0.0,107.65
67,2015-04-10,0.0,119.84,107.65
68,2015-04-13,119.6,0.0,107.43
69,2015-04-14,119.08,0.0,106.96
70,2015-04-15,119.54,0.0,107.37
71,2015-04-16,0.0,118.96,107.37
72,2015-04-17,0.0,117.62,107.37
73,2015-04-20,120.31,0.0,109.83
74,2015-04-21,0.0,119.66,109.83
75,2015-04-22,0.0,121.27,109.83
76,2015-04-23,122.26,0.0,110.73
77,2015-04-24,0.0,122.84,110.73
78,2015-04-27,125.07,0.0,112.74
79,2015-04-28,0.0,123.1,112.74
80,2015-04-29,0.0,121.29,112.74
81,2015-04-30,118.0,0.0,109.68
82,2015-05-01,121.58,0.0,113.01
83,2015-05-04,0.0,121.35,113.01
84,2015-05-05,0.0,118.61,113.01
85,2015-05-06,117.87,0.0,112.3
86,2015-05-07,118.6,0.0,113.0
87,2015-05-08,0.0,120.83,113.0
88,2015-05-11,0.0,119.6,113.0
89,2015-05-12,119.17,0.0,112.59
90,2015-05-13,0.0,119.31,112.59
91,2015-05-14,0.0,122.09,112.59
92,2015-05-15,121.92,0.0,112.43
93,2015-05-18,0.0,123.26,112.43
94,2015-05-19,123.15,0.0,112.33
95,2015-05-20,123.14,0.0,112.32
96,2015-05-21,124.4,0.0,113.47
97,2015-05-22,125.49,0.0,114.46
98,2015-05-26,0.0,122.72,114.46
99,2015-05-27,0.0,125.02,114.46
100,2015-05-28,0.0,124.77,114.46
101,2015-05-29,123.35,0.0,113.16
102,2015-06-01,0.0,123.59,113.16
103,2015-06-02,0.0,123.05,113.16
104,2015-06-03,0.0,123.2,113.16
105,2015-06-04,122.48,0.0,112.5
106,2015-06-05,121.81,0.0,111.88
107,2015-06-08,0.0,121.0,111.88
108,2015-06-09,0.0,120.64,111.88
109,2015-06-10,122.02,0.0,113.16
110,2015-06-11,121.75,0.0,112.91
111,2015-06-12,0.0,120.4,112.91
112,2015-06-15,120.17,0.0,112.69
113,2015-06-16,0.0,120.81,112.69
114,2015-06-17,0.0,120.53,112.69
115,2015-06-18,121.08,0.0,113.2
116,2015-06-19,119.87,0.0,112.07
117,2015-06-22,0.0,120.82,112.07
118,2015-06-23,120.27,0.0,111.56
119,2015-06-24,0.0,121.29,111.56
120,2015-06-25,0.0,120.72,111.56
121,2015-06-26,120.01,0.0,110.9
122,2015-06-29,0.0,117.91,110.9
123,2015-06-30,118.75,0.0,111.69
124,2015-07-01,0.0,119.87,111.69
125,2015-07-02,0.0,119.71,111.69
126,2015-07-06,0.0,119.3,111.69
127,2015-07-07,0.0,119.0,111.69
128,2015-07-08,116.05,0.0,108.92
129,2015-07-09,0.0,113.68,108.92
130,2015-07-10,0.0,116.72,108.92
131,2015-07-13,0.0,118.98,108.92
132,2015-07-14,118.93,0.0,108.87
133,2015-07-15,0.0,120.07,108.87
134,2015-07-16,121.67,0.0,110.32
135,2015-07-17,0.0,122.72,110.32
136,2015-07-20,125.04,0.0,112.41
137,2015-07-21,0.0,123.79,112.41
138,2015-07-22,118.56,0.0,107.66
139,2015-07-23,0.0,118.5,107.66
140,2015-07-24,0.0,117.88,107.66
141,2015-07-27,0.0,116.24,107.66
142,2015-07-28,116.82,0.0,108.2
143,2015-07-29,116.45,0.0,107.86
144,2015-07-30,0.0,115.86,107.86
145,2015-07-31,0.0,114.85,107.86
146,2015-08-03,0.0,112.14,107.86
147,2015-08-04,0.0,108.54,107.86
148,2015-08-05,0.0,109.26,107.86
149,2015-08-06,109.5,0.0,108.1
150,2015-08-07,109.87,0.0,108.47
151,2015-08-10,0.0,113.86,108.47
152,2015-08-11,107.94,0.0,102.83
153,2015-08-12,109.6,0.0,104.41
154,2015-08-13,109.52,0.0,104.33
155,2015-08-14,110.29,0.0,105.06
156,2015-08-17,0.0,111.43,105.06
157,2015-08-18,0.0,110.8,105.06
158,2015-08-19,0.0,109.38,105.06
159,2015-08-20,0.0,107.14,105.06
160,2015-08-21,0.0,100.59,105.06
161,2015-08-24,98.08,0.0,102.44
162,2015-08-25,0.0,98.67,102.44
163,2015-08-26,0.0,104.32,102.44
164,2015-08-27,0.0,107.4,102.44
165,2015-08-28,0.0,107.75,102.44
166,2015-08-31,0.0,107.24,102.44
167,2015-09-01,102.45,0.0,97.86
168,2015-09-02,106.85,0.0,102.06
169,2015-09-03,104.97,0.0,100.26
170,2015-09-04,103.93,0.0,99.27
171,2015-09-08,0.0,106.82,99.27
172,2015-09-09,104.76,0.0,97.36
173,2015-09-10,0.0,107.06,97.36
174,2015-09-11,108.62,0.0,98.78
175,2015-09-14,109.67,0.0,99.73
176,2015-09-15,0.0,110.59,99.73
177,2015-09-16,0.0,110.72,99.73
178,2015-09-17,0.0,108.35,99.73
179,2015-09-18,0.0,107.9,99.73
180,2015-09-21,0.0,109.57,99.73
181,2015-09-22,107.85,0.0,98.16
182,2015-09-23,108.73,0.0,98.96
183,2015-09-24,109.38,0.0,99.55
184,2015-09-25,109.1,0.0,99.3
185,2015-09-28,0.0,106.94,99.3
186,2015-09-29,0.0,103.73,99.3
187,2015-09-30,104.91,0.0,100.43
188,2015-10-01,0.0,104.22,100.43
189,2015-10-02,0.0,104.98,100.43
190,2015-10-05,105.36,0.0,100.79
191,2015-10-06,0.0,105.87,100.79
192,2015-10-07,105.36,0.0,100.3
193,2015-10-08,104.14,0.0,99.14
194,2015-10-09,106.64,0.0,101.52
195,2015-10-12,106.14,0.0,101.04
196,2015-10-13,106.32,0.0,101.21
197,2015-10-14,0.0,104.82,101.21
198,2015-10-15,0.0,106.39,101.21
199,2015-10-16,105.61,0.0,100.47
200,2015-10-19,0.0,106.27,100.47
201,2015-10-20,108.21,0.0,102.3
202,2015-10-21,108.2,0.0,102.29
203,2015-10-22,0.0,109.85,102.29
204,2015-10-23,0.0,113.26,102.29
205,2015-10-26,0.0,109.64,102.29
206,2015-10-27,108.95,0.0,101.65
207,2015-10-28,0.0,113.44,101.65
208,2015-10-29,114.63,0.0,102.72
209,2015-10-30,113.66,0.0,101.85
210,2015-11-02,115.25,0.0,103.27
211,2015-11-03,0.0,116.57,103.27
212,2015-11-04,0.0,116.03,103.27
213,2015-11-05,115.5,0.0,102.8
214,2015-11-06,0.0,115.63,102.8
215,2015-11-09,115.16,0.0,102.38
216,2015-11-10,0.0,111.53,102.38
217,2015-11-11,110.9,0.0,101.8
218,2015-11-12,0.0,110.53,101.8
219,2015-11-13,107.3,0.0,98.83
220,2015-11-16,109.06,0.0,100.45
221,2015-11-17,0.0,108.59,100.45
222,2015-11-18,112.03,0.0,103.63
223,2015-11-19,113.45,0.0,104.94
224,2015-11-20,0.0,113.95,104.94
225,2015-11-23,0.0,112.47,104.94
226,2015-11-24,113.55,0.0,105.95
227,2015-11-25,112.74,0.0,105.19
228,2015-11-27,0.0,112.53,105.19
229,2015-11-30,113.0,0.0,105.63
230,2015-12-01,112.08,0.0,104.77
231,2015-12-02,0.0,111.07,104.77
232,2015-12-03,0.0,110.03,104.77
233,2015-12-04,113.69,0.0,108.26
234,2015-12-07,0.0,112.98,108.26
235,2015-12-08,0.0,112.93,108.26
236,2015-12-09,0.0,110.44,108.26
237,2015-12-10,0.0,110.96,108.26
238,2015-12-11,0.0,108.1,108.26
239,2015-12-14,107.44,0.0,107.6
240,2015-12-15,0.0,105.54,107.6
241,2015-12-16,106.35,0.0,108.43
242,2015-12-17,104.09,0.0,106.13
243,2015-12-18,101.28,0.0,103.26
244,2015-12-21,0.0,102.52,103.26
245,2015-12-22,102.42,0.0,103.16
246,2015-12-23,0.0,103.74,103.16
247,2015-12-24,0.0,103.19,103.16
248,2015-12-28,102.03,0.0,102.0
249,2015-12-29,0.0,103.86,102.0
250,2015-12-30,0.0,102.51,102.0
251,2015-12-31,0.0,100.54,102.0
252,2016-01-04,100.63,0.0,102.09
253,2016-01-05,0.0,98.1,102.09
254,2016-01-06,0.0,96.18,102.09
255,2016-01-07,0.0,92.13,102.09
256,2016-01-08,92.61,0.0,102.62
257,2016-01-11,0.0,94.11,102.62
258,2016-01-12,0.0,95.48,102.62
259,2016-01-13,0.0,93.02,102.62
260,2016-01-14,95.06,0.0,104.87
261,2016-01-15,0.0,92.77,104.87
262,2016-01-19,0.0,92.33,104.87
263,2016-01-20,92.45,0.0,105.01
264,2016-01-21,0.0,91.98,105.01
265,2016-01-22,96.87,0.0,110.59
266,2016-01-25,0.0,94.98,110.59
267,2016-01-26,0.0,95.51,110.59
268,2016-01-27,89.23,0.0,103.32
269,2016-01-28,0.0,89.87,103.32
270,2016-01-29,0.0,92.98,103.32
271,2016-02-01,92.11,0.0,102.35
272,2016-02-02,0.0,90.24,102.35
273,2016-02-03,0.0,92.03,102.35
274,2016-02-04,0.0,92.77,102.35
275,2016-02-05,90.29,0.0,99.61
276,2016-02-08,91.24,0.0,100.66
277,2016-02-09,91.22,0.0,100.64
278,2016-02-10,0.0,90.53,100.64
279,2016-02-11,89.98,0.0,100.03
280,2016-02-12,0.0,90.26,100.03
281,2016-02-16,0.0,92.81,100.03
282,2016-02-17,94.23,0.0,101.56
283,2016-02-18,0.0,92.44,101.56
284,2016-02-19,92.23,0.0,101.33
285,2016-02-22,0.0,93.04,101.33
286,2016-02-23,90.93,0.0,99.03
287,2016-02-24,0.0,92.29,99.03
288,2016-02-25,92.92,0.0,99.71
289,2016-02-26,93.07,0.0,99.87
290,2016-02-29,0.0,92.86,99.87
291,2016-03-01,0.0,96.54,99.87
292,2016-03-02,96.75,0.0,100.09
293,2016-03-03,97.47,0.0,100.83
294,2016-03-04,0.0,98.92,100.83
295,2016-03-07,97.83,0.0,99.72
296,2016-03-08,0.0,97.02,99.72
297,2016-03-09,0.0,97.11,99.72
298,2016-03-10,0.0,97.16,99.72
299,2016-03-11,98.2,0.0,100.79
300,2016-03-14,98.45,0.0,101.05
301,2016-03-15,100.43,0.0,103.08
302,2016-03-16,0.0,101.77,103.08
303,2016-03-17,0.0,101.6,103.08
304,2016-03-18,101.72,0.0,103.2
305,2016-03-21,0.0,101.71,103.2
306,2016-03-22,102.49,0.0,103.99
307,2016-03-23,101.92,0.0,103.41
308,2016-03-24,101.48,0.0,102.96
309,2016-03-28,0.0,101.02,102.96
310,2016-03-29,103.41,0.0,105.4
311,2016-03-30,105.22,0.0,107.24
312,2016-03-31,104.67,0.0,106.68
313,2016-04-01,105.63,0.0,107.66
314,2016-04-04,0.0,106.71,107.66
315,2016-04-05,0.0,105.46,107.66
316,2016-04-06,106.56,0.0,108.78
317,2016-04-07,104.24,0.0,106.41
318,2016-04-08,104.35,0.0,106.52
319,2016-04-11,104.7,0.0,106.88
320,2016-04-12,106.06,0.0,108.27
321,2016-04-13,107.6,0.0,109.84
322,2016-04-14,0.0,107.65,109.84
323,2016-04-15,105.49,0.0,107.64
324,2016-04-18,0.0,103.22,107.64
325,2016-04-19,102.67,0.0,107.07
326,2016-04-20,0.0,102.88,107.07
327,2016-04-21,0.0,101.77,107.07
328,2016-04-22,0.0,101.49,107.07
329,2016-04-25,100.91,0.0,106.46
330,2016-04-26,100.21,0.0,105.72
331,2016-04-27,0.0,93.94,105.72
332,2016-04-28,91.07,0.0,102.49
333,2016-04-29,90.02,0.0,101.31
334,2016-05-02,0.0,89.93,101.31
335,2016-05-03,91.41,0.0,102.98
336,2016-05-04,0.0,90.45,102.98
337,2016-05-05,90.09,0.0,102.57
338,2016-05-06,89.59,0.0,102.0
339,2016-05-09,89.65,0.0,102.07
340,2016-05-10,90.26,0.0,102.76
341,2016-05-11,89.38,0.0,101.76
342,2016-05-12,0.0,87.29,101.76
343,2016-05-13,0.0,87.46,101.76
344,2016-05-16,0.0,90.71,101.76
345,2016-05-17,90.33,0.0,101.33
346,2016-05-18,0.0,91.36,101.33
347,2016-05-19,0.0,91.02,101.33
348,2016-05-20,0.0,92.0,101.33
349,2016-05-23,0.0,93.17,101.33
350,2016-05-24,0.0,94.59,101.33
351,2016-05-25,0.0,96.25,101.33
352,2016-05-26,0.0,97.02,101.33
353,2016-05-27,0.0,96.96,101.33
354,2016-05-31,96.48,0.0,100.83
355,2016-06-01,0.0,95.13,100.83
356,2016-06-02,0.0,94.42,100.83
357,2016-06-03,0.0,94.61,100.83
358,2016-06-06,95.3,0.0,101.57
359,2016-06-07,95.68,0.0,101.98
360,2016-06-08,0.0,95.59,101.98
361,2016-06-09,0.0,96.28,101.98
362,2016-06-10,95.49,0.0,101.14
363,2016-06-13,94.05,0.0,99.61
364,2016-06-14,0.0,94.16,99.61
365,2016-06-15,93.86,0.0,99.29
366,2016-06-16,0.0,94.25,99.29
367,2016-06-17,92.11,0.0,97.04
368,2016-06-20,91.88,0.0,96.8
369,2016-06-21,92.67,0.0,97.63
370,2016-06-22,92.32,0.0,97.26
371,2016-06-23,92.85,0.0,97.82
372,2016-06-24,0.0,90.24,97.82
373,2016-06-27,0.0,88.93,97.82
374,2016-06-28,0.0,90.43,97.82
375,2016-06-29,0.0,91.21,97.82
376,2016-06-30,92.37,0.0,99.06
377,2016-07-01,92.65,0.0,99.36
378,2016-07-05,91.78,0.0,98.43
379,2016-07-06,0.0,92.3,98.43
380,2016-07-07,92.7,0.0,98.86
381,2016-07-08,0.0,93.41,98.86
382,2016-07-11,0.0,93.7,98.86
383,2016-07-12,94.13,0.0,99.31
384,2016-07-13,0.0,93.59,99.31
385,2016-07-14,95.45,0.0,101.28
386,2016-07-15,0.0,95.44,101.28
387,2016-07-18,0.0,96.45,101.28
388,2016-07-19,96.49,0.0,101.32
389,2016-07-20,0.0,96.58,101.32
390,2016-07-21,96.07,0.0,100.78
391,2016-07-22,0.0,95.32,100.78
392,2016-07-25,0.0,94.05,100.78
393,2016-07-26,93.4,0.0,100.08
394,2016-07-27,99.47,0.0,106.58
395,2016-07-28,100.81,0.0,108.02
396,2016-07-29,100.69,0.0,107.89
397,2016-08-01,0.0,102.46,107.89
398,2016-08-02,100.95,0.0,106.3
399,2016-08-03,102.21,0.0,107.63
400,2016-08-04,102.84,0.0,108.29
401,2016-08-05,104.41,0.0,109.94
402,2016-08-08,105.27,0.0,110.85
403,2016-08-09,0.0,105.7,110.85
404,2016-08-10,104.91,0.0,110.02
405,2016-08-11,0.0,104.85,110.02
406,2016-08-12,105.09,0.0,110.27
407,2016-08-15,106.35,0.0,111.59
408,2016-08-16,106.25,0.0,111.49
409,2016-08-17,0.0,106.1,111.49
410,2016-08-18,0.0,105.96,111.49
411,2016-08-19,0.0,106.23,111.49
412,2016-08-22,0.0,105.41,111.49
413,2016-08-23,105.74,0.0,111.84
414,2016-08-24,104.94,0.0,110.99
415,2016-08-25,0.0,104.5,110.99
416,2016-08-26,103.88,0.0,110.33
417,2016-08-29,0.0,103.77,110.33
418,2016-08-30,102.97,0.0,109.48
419,2016-08-31,103.07,0.0,109.59
420,2016-09-01,103.68,0.0,110.24
421,2016-09-02,104.65,0.0,111.27
422,2016-09-06,104.62,0.0,111.24
423,2016-09-07,0.0,105.26,111.24
424,2016-09-08,0.0,102.5,111.24
425,2016-09-09,100.18,0.0,108.72
426,2016-09-12,102.43,0.0,111.16
427,2016-09-13,0.0,104.87,111.16
428,2016-09-14,0.0,108.58,111.16
429,2016-09-15,0.0,112.27,111.16
430,2016-09-16,111.64,0.0,110.54
431,2016-09-19,0.0,110.33,110.54
432,2016-09-20,110.32,0.0,110.53
433,2016-09-21,0.0,110.31,110.53
434,2016-09-22,0.0,111.34,110.53
435,2016-09-23,0.0,109.49,110.53
436,2016-09-26,0.0,109.65,110.53
437,2016-09-27,0.0,109.86,110.53
438,2016-09-28,110.69,0.0,111.37
439,2016-09-29,108.97,0.0,109.64
440,2016-09-30,109.82,0.0,110.5
441,2016-10-03,0.0,109.3,110.5
442,2016-10-04,109.77,0.0,110.98
443,2016-10-05,0.0,109.82,110.98
444,2016-10-06,0.0,110.64,110.98
445,2016-10-07,110.8,0.0,111.14
446,2016-10-10,112.73,0.0,113.08
447,2016-10-11,112.98,0.0,113.33
448,2016-10-12,113.99,0.0,114.34
449,2016-10-13,0.0,113.64,114.34
450,2016-10-14,0.0,114.27,114.34
451,2016-10-17,0.0,114.19,114.34
452,2016-10-18,0.0,114.11,114.34
453,2016-10-19,113.77,0.0,114.0
454,2016-10-20,0.0,113.71,114.0
455,2016-10-21,113.27,0.0,113.56
456,2016-10-24,114.29,0.0,114.58
457,2016-10-25,114.87,0.0,115.16
458,2016-10-26,0.0,112.29,115.16
459,2016-10-27,111.21,0.0,114.05
460,2016-10-28,0.0,110.47,114.05
461,2016-10-31,110.3,0.0,113.87
462,2016-11-01,108.3,0.0,111.81
463,2016-11-02,108.4,0.0,111.91
464,2016-11-03,107.24,0.0,110.71
465,2016-11-04,106.27,0.0,109.71
466,2016-11-07,107.81,0.0,111.3
467,2016-11-08,108.44,0.0,111.95
468,2016-11-09,0.0,108.26,111.95
469,2016-11-10,105.25,0.0,108.84
470,2016-11-11,0.0,105.87,108.84
471,2016-11-14,0.0,103.22,108.84
472,2016-11-15,0.0,104.58,108.84
473,2016-11-16,0.0,107.4,108.84
474,2016-11-17,0.0,107.36,108.84
475,2016-11-18,107.46,0.0,108.94
476,2016-11-21,109.09,0.0,110.59
477,2016-11-22,0.0,109.16,110.59
478,2016-11-23,0.0,108.61,110.59
479,2016-11-25,0.0,109.15,110.59
480,2016-11-28,0.0,108.94,110.59
481,2016-11-29,0.0,108.83,110.59
482,2016-11-30,107.91,0.0,109.66
483,2016-12-01,0.0,106.91,109.66
484,2016-12-02,0.0,107.31,109.66
485,2016-12-05,106.54,0.0,108.87
486,2016-12-06,107.36,0.0,109.71
487,2016-12-07,0.0,108.41,109.71
488,2016-12-08,0.0,109.48,109.71
489,2016-12-09,111.26,0.0,111.49
490,2016-12-12,0.0,110.63,111.49
491,2016-12-13,112.47,0.0,113.34
492,2016-12-14,112.47,0.0,113.34
493,2016-12-15,0.0,113.09,113.34
494,2016-12-16,113.23,0.0,113.48
495,2016-12-19,113.89,0.0,114.14
496,2016-12-20,114.19,0.0,114.44
497,2016-12-21,0.0,114.3,114.44
498,2016-12-22,113.55,0.0,113.69
499,2016-12-23,0.0,113.77,113.69
500,2016-12-27,0.0,114.49,113.69
501,2016-12-28,0.0,114.01,113.69
502,2016-12-29,0.0,113.98,113.69
503,2016-12-30,113.09,0.0,112.8
504,2017-01-03,0.0,113.41,112.8
505,2017-01-04,113.28,0.0,112.67
506,2017-01-05,113.86,0.0,113.25
507,2017-01-06,115.13,0.0,114.51
508,2017-01-09,116.18,0.0,115.55
509,2017-01-10,0.0,116.3,115.55
510,2017-01-11,116.93,0.0,116.18
511,2017-01-12,0.0,116.44,116.18
512,2017-01-13,116.23,0.0,115.97
513,2017-01-17,117.17,0.0,116.91
514,2017-01-18,117.16,0.0,116.9
515,2017-01-19,116.95,0.0,116.69
516,2017-01-20,117.17,0.0,116.91
517,2017-01-23,0.0,117.25,116.91
518,2017-01-24,117.14,0.0,116.8
519,2017-01-25,119.0,0.0,118.65
520,2017-01-26,0.0,119.06,118.65
521,2017-01-27,0.0,119.07,118.65
522,2017-01-30,0.0,118.76,118.65
523,2017-01-31,118.49,0.0,118.38
524,2017-02-01,0.0,125.71,118.38
525,2017-02-02,125.5,0.0,118.18
526,2017-02-03,126.04,0.0,118.69
527,2017-02-06,127.22,0.0,119.8
528,2017-02-07,128.43,0.0,120.94
529,2017-02-08,128.93,0.0,121.41
530,2017-02-09,0.0,129.86,121.41
531,2017-02-10,0.0,129.56,121.41
532,2017-02-13,130.71,0.0,122.49
533,2017-02-14,0.0,132.41,122.49
534,2017-02-15,0.0,132.89,122.49
535,2017-02-16,132.73,0.0,122.34
536,2017-02-17,133.09,0.0,122.67
537,2017-02-21,0.0,134.05,122.67
538,2017-02-22,134.46,0.0,123.05
539,2017-02-23,133.89,0.0,122.53
540,2017-02-24,134.01,0.0,122.64
541,2017-02-27,0.0,134.28,122.64
542,2017-02-28,0.0,134.34,122.64
543,2017-03-01,137.08,0.0,125.14
544,2017-03-02,0.0,136.27,125.14
545,2017-03-03,137.07,0.0,125.87
546,2017-03-06,136.64,0.0,125.48
547,2017-03-07,136.82,0.0,125.65
548,2017-03-08,136.31,0.0,125.18
549,2017-03-09,136.0,0.0,124.9
550,2017-03-10,0.0,136.45,124.9
551,2017-03-13,136.51,0.0,124.95
552,2017-03-14,136.3,0.0,124.76
553,2017-03-15,137.74,0.0,126.08
554,2017-03-16,0.0,137.97,126.08
555,2017-03-17,137.28,0.0,125.45
556,2017-03-20,138.72,0.0,126.77
557,2017-03-21,137.13,0.0,125.32
558,2017-03-22,0.0,138.68,125.32
559,2017-03-23,138.19,0.0,124.88
560,2017-03-24,137.92,0.0,124.64
561,2017-03-27,138.15,0.0,124.85
562,2017-03-28,141.02,0.0,127.44
563,2017-03-29,0.0,141.33,127.44
564,2017-03-30,141.14,0.0,127.27
565,2017-03-31,0.0,140.88,127.27
566,2017-04-03,140.92,0.0,127.31
567,2017-04-04,0.0,141.97,127.31
568,2017-04-05,0.0,141.23,127.31
569,2017-04-06,140.88,0.0,126.99
570,2017-04-07,140.57,0.0,126.71
571,2017-04-10,0.0,140.4,126.71
572,2017-04-11,138.89,0.0,125.35
573,2017-04-12,139.06,0.0,125.5
574,2017-04-13,0.0,138.32,125.5
575,2017-04-17,139.08,0.0,126.19
576,2017-04-18,0.0,138.47,126.19
577,2017-04-19,137.96,0.0,125.73
578,2017-04-20,0.0,139.68,125.73
579,2017-04-21,0.0,139.52,125.73
580,2017-04-24,140.86,0.0,126.94
581,2017-04-25,141.73,0.0,127.72
582,2017-04-26,140.9,0.0,126.97
583,2017-04-27,0.0,141.01,126.97
584,2017-04-28,0.0,140.87,126.97
585,2017-05-01,143.74,0.0,129.56
586,2017-05-02,144.65,0.0,130.38
587,2017-05-03,0.0,144.21,130.38
588,2017-05-04,0.0,143.69,130.38
589,2017-05-05,0.0,146.08,130.38
590,2017-05-08,0.0,150.05,130.38
591,2017-05-09,0.0,151.01,130.38
592,2017-05-10,150.29,0.0,129.76
593,2017-05-11,0.0,151.59,129.76
594,2017-05-12,153.71,0.0,131.57
595,2017-05-15,0.0,153.32,131.57
596,2017-05-16,0.0,153.09,131.57
597,2017-05-17,147.95,0.0,127.15
598,2017-05-18,0.0,150.21,127.15
599,2017-05-19,150.72,0.0,127.58
600,2017-05-22,151.63,0.0,128.35
601,2017-05-23,0.0,151.45,128.35
602,2017-05-24,150.99,0.0,127.96
603,2017-05-25,0.0,151.51,127.96
604,2017-05-26,151.26,0.0,127.75
605,2017-05-30,151.32,0.0,127.8
606,2017-05-31,0.0,150.42,127.8
607,2017-06-01,0.0,150.84,127.8
608,2017-06-02,153.07,0.0,129.69
609,2017-06-05,151.57,0.0,128.42
610,2017-06-06,152.09,0.0,128.86
611,2017-06-07,0.0,152.99,128.86
612,2017-06-08,152.62,0.0,128.55
613,2017-06-09,146.7,0.0,123.56
614,2017-06-12,0.0,143.19,123.56
615,2017-06-13,0.0,144.35,123.56
616,2017-06-14,0.0,142.94,123.56
617,2017-06-15,142.08,0.0,122.82
618,2017-06-16,140.09,0.0,121.1
619,2017-06-19,144.1,0.0,124.57
620,2017-06-20,0.0,142.79,124.57
621,2017-06-21,0.0,143.64,124.57
622,2017-06-22,143.4,0.0,124.36
623,2017-06-23,0.0,144.04,124.36
624,2017-06-26,143.59,0.0,123.97
625,2017-06-27,0.0,141.53,123.97
626,2017-06-28,143.6,0.0,125.78
627,2017-06-29,141.48,0.0,123.92
628,2017-06-30,0.0,141.82,123.92
629,2017-07-03,141.3,0.0,123.47
630,2017-07-05,141.88,0.0,123.98
631,2017-07-06,0.0,140.55,123.98
632,2017-07-07,0.0,141.97,123.98
633,2017-07-10,0.0,142.84,123.98
634,2017-07-11,143.3,0.0,124.38
635,2017-07-12,0.0,143.51,124.38
636,2017-07-13,0.0,145.51,124.38
637,2017-07-14,0.0,146.76,124.38
638,2017-07-17,147.27,0.0,124.81
639,2017-07-18,0.0,147.78,124.81
640,2017-07-19,148.71,0.0,125.6
641,2017-07-20,0.0,148.04,125.6
642,2017-07-21,147.97,0.0,125.54
643,2017-07-24,0.0,149.76,125.54
644,2017-07-25,0.0,150.4,125.54
645,2017-07-26,151.11,0.0,126.13
646,2017-07-27,0.0,148.26,126.13
647,2017-07-28,147.21,0.0,125.24
648,2017-07-31,0.0,146.45,125.24
649,2017-08-01,156.16,0.0,133.54
650,2017-08-02,0.0,154.73,133.54
651,2017-08-03,153.19,0.0,132.21
652,2017-08-04,154.0,0.0,132.91
653,2017-08-07,156.38,0.0,134.96
654,2017-08-08,157.63,0.0,136.04
655,2017-08-09,158.59,0.0,136.87
656,2017-08-10,153.54,0.0,132.51
657,2017-08-11,155.68,0.0,134.36
658,2017-08-14,158.02,0.0,136.38
659,2017-08-15,159.75,0.0,137.87
660,2017-08-16,0.0,159.11,137.87
661,2017-08-17,0.0,156.05,137.87
662,2017-08-18,155.7,0.0,137.56
663,2017-08-21,155.41,0.0,137.3
664,2017-08-22,157.95,0.0,139.54
665,2017-08-23,0.0,158.15,139.54
666,2017-08-24,0.0,157.45,139.54
667,2017-08-25,0.0,158.03,139.54
668,2017-08-28,159.62,0.0,140.94
669,2017-08-29,0.0,161.05,140.94
670,2017-08-30,0.0,161.48,140.94
671,2017-08-31,162.12,0.0,141.5
672,2017-09-01,162.17,0.0,141.54
673,2017-09-05,160.23,0.0,139.85
674,2017-09-06,160.06,0.0,139.7
675,2017-09-07,0.0,159.42,139.7
676,2017-09-08,156.82,0.0,137.42
677,2017-09-11,159.65,0.0,139.9
678,2017-09-12,159.02,0.0,139.35
679,2017-09-13,0.0,157.82,139.35
680,2017-09-14,0.0,156.47,139.35
681,2017-09-15,0.0,158.05,139.35
682,2017-09-18,0.0,156.85,139.35
683,2017-09-19,156.91,0.0,139.4
684,2017-09-20,154.28,0.0,137.06
685,2017-09-21,0.0,151.64,137.06
686,2017-09-22,150.15,0.0,135.71
687,2017-09-25,148.83,0.0,134.52
688,2017-09-26,151.39,0.0,136.83
689,2017-09-27,152.47,0.0,137.81
690,2017-09-28,151.53,0.0,136.96
691,2017-09-29,152.36,0.0,137.71
692,2017-10-02,0.0,152.05,137.71
693,2017-10-03,0.0,152.71,137.71
694,2017-10-04,0.0,151.72,137.71
695,2017-10-05,0.0,153.61,137.71
696,2017-10-06,153.52,0.0,137.63
697,2017-10-09,0.0,154.06,137.63
698,2017-10-10,0.0,154.12,137.63
699,2017-10-11,0.0,154.76,137.63
700,2017-10-12,154.22,0.0,137.15
701,2017-10-13,0.0,155.19,137.15
702,2017-10-16,158.05,0.0,139.68
703,2017-10-17,0.0,158.63,139.68
704,2017-10-18,0.0,157.93,139.68
705,2017-10-19,0.0,154.2,139.68
706,2017-10-20,0.0,154.46,139.68
707,2017-10-23,154.38,0.0,139.61
708,2017-10-24,155.3,0.0,140.44
709,2017-10-25,0.0,154.62,140.44
710,2017-10-26,155.61,0.0,141.34
711,2017-10-27,0.0,161.18,141.34
712,2017-10-30,164.81,0.0,144.52
713,2017-10-31,0.0,167.11,144.52
714,2017-11-01,164.98,0.0,142.68
715,2017-11-02,0.0,166.19,142.68
716,2017-11-03,170.53,0.0,146.41
717,2017-11-06,172.26,0.0,147.9
718,2017-11-07,172.81,0.0,148.37
719,2017-11-08,0.0,174.22,148.37
720,2017-11-09,173.87,0.0,148.07
721,2017-11-10,173.29,0.0,147.58
722,2017-11-13,172.6,0.0,146.99
723,2017-11-14,0.0,169.99,146.99
724,2017-11-15,0.0,167.75,146.99
725,2017-11-16,169.75,0.0,148.74
726,2017-11-17,0.0,168.81,148.74
727,2017-11-20,168.64,0.0,148.59
728,2017-11-21,0.0,171.77,148.59
729,2017-11-22,173.58,0.0,150.16
730,2017-11-24,173.59,0.0,150.17
731,2017-11-27,172.72,0.0,149.42
732,2017-11-28,171.71,0.0,148.55
733,2017-11-29,0.0,168.14,148.55
734,2017-11-30,170.49,0.0,150.63
735,2017-12-01,169.7,0.0,149.93
736,2017-12-04,168.46,0.0,148.83
737,2017-12-05,168.3,0.0,148.69
738,2017-12-06,167.68,0.0,148.14
739,2017-12-07,0.0,167.98,148.14
740,2017-12-08,0.0,168.03,148.14
741,2017-12-11,0.0,171.31,148.14
742,2017-12-12,0.0,170.35,148.14
743,2017-12-13,0.0,170.91,148.14
744,2017-12-14,170.86,0.0,148.1
745,2017-12-15,0.0,172.6,148.1
746,2017-12-18,0.0,175.03,148.1
747,2017-12-19,173.16,0.0,146.52
748,2017-12-20,172.97,0.0,146.36
749,2017-12-21,173.63,0.0,146.92
750,2017-12-22,0.0,173.63,146.92
751,2017-12-26,0.0,169.22,146.92
752,2017-12-27,0.0,169.25,146.92
753,2017-12-28,169.73,0.0,147.34
754,2017-12-29,0.0,167.9,147.34
